IDSpecies,IDType,ScientificName,NonScientificName
1,2,Acacia pseudonigrescens,Acacia
2,2,Acer pentaphyllum,Acer
3,1,Actinella giramica,Actinella
4,1,Pygoscelis adeliae,Adélie penguin
6,1,Platalea alba,African spoonbill
7,1,Aglaia brassii,Aglaia
8,1,Aiphanes grandis,Aiphanes palm
9,2,Alangium longiflorum,Alangium
10,2,Fitzroya cupressoides,Alerce
11,2,Allophylus rhomboidalis,Allophylus
12,2,Aloe juddii,Aloe
14,1,Vandijkophrynus amatolicus,Amatola toad
16,1,Amorphophallus verticillatus,Amorphophallus
17,1,Strabomantis anatipes,Anatipes robber frog
18,2,Andrachne aspera,Andrachne
19,1,Hydrophis cyanocinctus,Annulated sea snake
21,1,Ursus arctos marsicanus,Apennine brown bear
23,2,Antilophia bokermanni,Araripe manakin
24,2,Arenaria radians,Arenaria
25,2,Arundo donax,Arundo
26,1,Anastomus oscitans,Asian openbill
27,2,Aspidosperma polyneuron,Aspidosperma
29,1,Istiophorus albicans,Atlantic sailfish
30,1,Aulonocara hansbaenschi,Aulonocara Fort Maguire
31,1,Thraupis cyanoptera,Azure-shouldered tanager
32,2,Abies beshanzuensis,Baishan fir
33,2,Mangifera pajang,Bambangan
34,1,Bangana behri,Bangana
35,2,Barabattoia laddi,Barabattoia coral
36,2,Barleria grandis,Barleria
37,2,Bauhinia paradisi,Bauhinia
38,1,Hericium erinaceum,Bearded tooth
39,2,Begonia hitchcockii,Begonia
40,1,Bellamya phthinotropis,Bellamya
42,2,Cygnus columbianus bewickii,Bewick’s swan
43,1,Seriatopora caliendrum,Birdsnest coral
44,1,Haliotis cracherodii,Black abalone
45,1,Ratufa bicolor,Black giant squirrel
46,2,Selysiothemis nigra,Black pennant
47,1,Bangsia melanochlamys,Black-and-gold tanager
48,1,Cebus apella,Black-capped capuchin
49,1,Coryphaspiza melanotis,Black-masked finch
50,1,Himantopus himantopus,Black-winged stilt
51,2,Blakea rotundifolia,Blakea
52,1,Anthocephala floriceps,Blossomcrown
53,2,Sphingonotus rubescens,Blue shined grasshopper
54,1,Pitta baudii,Blue-headed pitta
55,2,Boerhavia elegans,Boerhavia
56,1,Bolitoglossa guaramacalensis,Bolitoglossa
58,1,Anaxyrus boreas,Boreal toad
59,2,Paranomus sceptrum-gustavianus,Bottlebush
60,2,Brachyotum azuayense,Brachyotum
61,1,Mergus octosetaceus,Brazilian merganser
62,1,Boophis calcaratus,Bright-eyed frog
63,1,Aechmea aculeatosepala,Bromeliad
64,1,Barbus caninus,Brook barbel
65,1,Anous stolidus,Brown noddy
66,1,Epinephelus andersoni,Brown-spotted rockcod
67,2,Buddleja megalocephala,Buddleja
68,1,Bulbostylis lichtensteiniana,Bulbostylis
69,1,Burmeistera resupinata,Burmeistera
70,1,Heterohyrax brucei,Bush hyrax
71,2,Byttneria minytricha,Byttneria
72,2,Astrophytum ornatum,Cactus
73,1,Peniocereus rosei,Cactus
74,1,Acomys cahirinus,Cairo spiny mouse
75,1,Calea kingii,Calea
76,2,Calophyllum cordato-oblongum,Calophyllum
77,2,Calyptranthes rostrata,Calyptranthes
78,1,Geositta poeciloptera,Campo miner
79,1,Notropis mekistocholas,Cape Fear shiner
80,2,Capparis sprucei,Capparis
81,1,Leptotila jamaicensis,Caribbean dove
82,1,Caroxylon cyclophyllum,Caroxylon
83,1,Sterna caspia,Caspian tern
84,1,Alnus subcordata,Caucasian alder
85,2,Centaurea princeps,Centaurea
87,2,Cestrum chimborazinum,Cestrum
89,2,Chassalia petitiana,Chassalia
90,1,Turnix castanotus,Chestnut-backed buttonquail
91,1,Encephalartos chimanimaniensis,Chimanimani cycad
92,1,Pelodiscus sinensis,Chinese softshell turtle
93,2,Chloris gayana,Chloris
94,1,Ninox natalis,Christmas hawk-owl
95,1,Cicer canariense,Cicer
96,1,Labidochromis zebroides,Cichlid
97,2,Arubolana aruboides,Cirolanid isopod
99,1,Petrochelidon pyrrhonota,Cliff swallow
101,2,Cocculus balfourii,Cocculus
102,2,Coelocarpum haggierensis,Coelocarpum
103,1,Oplurus cuvieri,Collared iguana
104,1,Columnea schimpffii,Columnea
105,1,Polyommatus icarus,Common blue
106,1,Plestiodon fasciatus,Common five-lined skink
107,1,Luscinia megarhynchos,Common nightingale
108,1,Hippocampus kuda,Common seahorse
109,1,Crassula rupestris,Concertina plant
111,1,Cambarus coosawattae,Coosawattee crayfish
112,1,Corallocarpus epigaeus,Corallocarpus
113,1,Cornus disciflora,Cornus
114,2,Couepia joaquinae,Couepia
115,1,Craterispermum montanum,Craterispermum
116,1,Lophonetta specularioides,Crested duck
117,1,Cristilabrum spectaculum,Cristilabrum
118,1,Croton aubrevillei,Croton
119,1,Cryptopotamon anacoluthon,Cryptopotamon
120,1,Cucumis prophetarum,Cucumis
121,2,Cycas calcicola,Cycad
122,2,Macrozamia parcifolia,Cycad
123,2,Dioon tomasellii,Cycad
124,2,Cycas macrocarpa,Cycad
125,2,Microcycas calocoma,Cycad
126,2,Cymbopetalum baillonii,Cymbopetalum
127,2,Dactyladenia hirsuta,Dactyladenia
128,2,Dalbergia urschii,Dalbergia
129,2,Triturus dobrogicus,Danube crested newt
130,1,Girardinichthys multiradiatus,Darkedged splitfin
131,2,Magicicada septendecim,Decim periodical cicada
132,2,Dendropanax alberti-smithii,Dendropanax
133,1,Daboia deserti,Desert viper
134,2,Propithecus diadema,Diademed sifaka
135,1,Digera muricata,Digera
136,1,Diospyros bejaudii,Diospyros
137,1,Diplycosia pilosa,Diplycosia
138,1,Dipterocarpus eurynchus,Dipterocarpus
139,2,Dorstenia socotrana,Dorstenia
140,1,Danionella dracula,Dracula minnow
141,1,Dryobalanops beccarii,Dryobalanops
142,1,Duncanopsammia axifuga,Duncan coral
143,1,Pogona minor,Dwarf bearded dragon
144,2,Dyerophytum socotranum,Dyerophytum
145,2,Dypsis boiviniana,Dypsis
146,1,Sandelia bainsii,Eastern Cape rocky
147,2,Cercis canadensis,Eastern redbud
148,1,Echium acanthocarpum,Echium
149,1,Crocidura religiosa,Egyptian pygmy shrew
150,1,Elaphoglossum antisanae,Elaphoglossum
151,2,Orthetrum rubens,Elusive skimmer
152,1,Procaris ascensionis,Endemic predatory shrimp
153,1,Erica recurvata,Erica
154,2,Erodium glaucophyllum,Erodium
155,1,Graptemys ernsti,Escambia map turtle
156,1,Syngnathus watermeyeri,Estuarine pipefish
157,2,Eugenia taipingensis,Eugenia
158,1,Euphorbia cap-saintemariensis,Euphorbia
159,1,Euphorbia bourgeana,Euphorbia
160,2,Euphorbia ogadenensis,Euphorbia
161,2,Euphorbia burgeri,Euphorbia
162,1,Oriolus oriolus,Eurasian golden oriole
163,2,Abies fabri,Faber’s fir
164,1,Pseudorca crassidens,False killer whale
165,1,Favites spinosa,Favites coral
166,1,Ficus faulkneriana,Ficus
167,1,Ficus ramiflora,Fig
168,2,Millepora platyphylla,Fire coral
169,1,Natator depressus,Flatback turtle
170,1,Aphelocoma coerulescens,Florida scrub-jay
171,1,Afrixalus sylvaticus,Forest banana frog
172,2,Orchis quadripunctata,Four-spotted orchid
173,2,Cambarus reburrus,French Broad Crayfish
174,2,Freziera echinata,Freziera
175,1,Gaertnera hirtiflora,Gaertnera
176,1,Bulimulus ustulatus,Galapagos land snail
177,1,Morus bassanus,Gannet
178,1,Philautus garo,Garo hills bubble-nest frog
179,2,Genista benehoavensis,Genista
180,2,Geranium antisanae,Geranium
181,2,Genetta victoriae,Giant genet
182,2,Caranx ignobilis,Giant trevally
183,1,Gladiolus pole-evansii,Gladiolus
184,2,Glycosmis longisepala,Glycosmis
185,1,Mesocricetus auratus,Golden hamster
186,1,Ploceus jacksoni,Golden-backed weaver
187,1,Microcebus lehilahytsara,Goodman’s mouse lemur
188,1,Regina grahamii,Grahams crayfish snake
189,1,Semnopithecus hector,Gray langur
190,1,Fregata minor,Great frigatebird
191,1,Jaculus orientalis,Greater Egyptian jerboa
192,1,Calandrella brachydactyla,Greater short-toed lark
193,2,Actenoides monachus,Green-backed kingfisher
194,1,Lepilemur grewcockorum,Grewcock’s sportive lemur
195,1,Sciurus carolinensis,Grey squirrel
196,1,Halcyon leucocephala,Grey-headed kingfisher
197,1,Nesospiza wilkinsi,Grosbeak bunting
198,2,Guarea humaitensis,Guarea
199,1,Guioa novobritannica,Guioa
200,1,Gustavia fosteri,Gustavia
201,2,Gypsophila montana,Gypsophila
204,1,Campanula rotundifolia,Harebell
205,2,Anoectochilus sandvicensis,Hawaiian jewel-orchid
207,2,Heliotropium dentatum,Heliotropium
208,2,Podocarpus henkelii,Henkels Yellowwood
209,1,Chaetodon triangulum,Herringbone butterflyfish
210,1,Penelopina nigra,Highland guan
211,2,Solenodon paradoxus,Hispaniolan solenodon
212,2,Homalium hypolasium,Homalium
213,2,Stylophora wellsi,Hood coral
214,2,Hopea mindanensis,Hopea
215,1,Chrysops relictus,Horse-fly
216,1,Hippocamelus bisulcus,Huemul
217,2,Hydnocarpus filipes,Hydnocarpus
218,2,Hypericum fieriense,Hypericum
219,1,Iberus gualtieranus,Iberus
220,2,Ilex glabella,Ilex
221,1,Uperodon globulosus,Indian balloon frog
222,1,Thalassarche carteri,Indian yellow-nosed albatross
223,1,Inga bella,Inga
225,1,Psitteuteles iris,Iris lorikeet
226,1,Isthmohyla insolita,Isthmohyla
227,1,Jabiru mycteria,Jabiru stork
228,2,Pseudotsuga japonica,Japanese douglas-fir
229,2,Pseudognaphalium luteo-album,Jersey cudweed
230,1,Ptychochromis inornatus,Juba
231,1,Justicia heterocarpa,Justicia
232,2,Encephalartos lehmannii,Karoo cycad
233,2,Kayea coriacea,Kayea
234,2,Boronia keysii,Keys boronia
235,1,Dendroica kirtlandii,Kirtland’s warbler
236,1,Favia rotundata,Knob coral
237,1,Pucrasia macrolopha,Koklass pheasant
238,2,Taudactylus pleione,Kroombit tinker frog
239,2,Distichopora violacea,Lace coral
240,1,Alcolapia grahami,Lake Magadi tilapia
241,1,Lycaena dispar,Large copper butterfly
242,2,Moehringia macrophylla,Largeleaf sandwort
243,1,Launaea fragilis,Launaea
244,2,Pavona minuta,Leaf coral
245,2,Ledermanniella keayi,Ledermanniella
246,1,Torpedo panthera,Leopard torpedo
247,2,Hipposideros pendleburyi,Lesser leaf-nosed bat
248,1,Baldellia ranunculoides,Lesser water-plantain
249,1,Heteromirafra sidamoensis,Liben lark
250,2,Shorea macrophylla,Light red meranti
251,1,Limnonectes dabanus,Limnonectes
252,1,Liophis atraventer,Liophis
253,1,Calidris minuta,Little stint
254,1,Loesenera talbotii,Loesenera
255,1,Myotis capaccinii,Long-fingered bat
256,1,Psittacula longicauda,Long-tailed parakeet
257,1,Dryococelus australis,Lord Howe Island stick insect
258,1,Solanum humile,Low nightshade
259,1,Atelopus lynchi,Lynchs stubfoot toad
260,2,Gerbillus mackillingini,Mackillingins gerbil
261,1,Mantidactylus striatus,Madagascar frog
262,1,Hallea stipulosa,Madder
263,1,Pseudophryne covacevichae,Magnificent broodfrog
264,2,Magnolia wilsonii,Magnolia
265,1,Malayemys subtrijuga,Malayan snail-eating turtle
266,2,Malpighia harrisii,Malpighia
267,2,Mammillaria albicoma,Mammillaria
268,1,Manettia skutchii,Manettia
269,2,Manilkara multifida,Manilkara
270,2,Flindersia pimenteliana,Maple silkwood
271,1,Blastocerus dichotomus,Marsh deer
272,1,Martelia tanganyicensis,Martelia
273,1,Oryzias matanensis,Matano ricefish
274,1,Coopernookia georgei,Mauve Coopernookia
275,1,Cuora mccordi,Mccord’s box turtle
276,1,Megalomyrmex symmetochus,Megalomyrmex
277,2,Memecylon teitense,Memecylon
278,2,Meriania panamensis,Meriania
279,2,Metteniusa edulis,Metteniusa
282,2,Miconia mediocris,Miconia
283,1,Millettia sericantha,Millettia
284,2,Micromacronus sordidus,Mindanao miniature-babbler
285,1,Presbytis melalophos,Mitred leaf monkey
286,1,Eulipoa wallacei,Moluccan megapode
288,2,Montipora altasepta,Montipora coral
289,2,Morella arborea,Morella
290,1,Taudactylus diurnus,Mount Glorious torrent frog
291,1,Spilornis kinabaluensis,Mountain serpent eagle
292,1,Mukia maderaspatana,Mukia
293,2,Bolitoglossa conanti,Mushroomtongue salamander
294,2,Myosotis azorica,Myosotis
295,2,Napoleonaea lutea,Napoleonaea
296,1,Epinephelus striatus,Nassau grouper
297,2,Nectandra guadaripo,Nectandra
298,2,Nectandra utilis,Nectandra
299,2,Lontra longicaudis,Neotropical otter
300,2,Sylvilagus transitionalis,New England cottontail
301,1,Myiomela major,Nilgiri blue robin
302,2,Orobanche cernua,Nodding broomrape
303,2,Juglans californica,Northern California black walnut
304,1,Circus cyaneus,Northern harrier
305,1,Artemisia norvegica,Norwegian mugwort
306,2,Aquilegia nuragica,Nuragica columbine
307,1,Potamotrygon motoro,Ocellate river stingray
308,2,Ocotea porosa,Ocotea
309,1,Okapia johnstoni,Okapi
310,1,Anthus hodgsoni,Olive-backed pipit
311,1,Ononis viscosa,Ononis
312,1,Terenura sicki,Orange-bellied antwren
313,1,Paphiopedilum tigrinum,Orchid
314,2,Dracula vampira,Orchid
315,2,Eulophia hians,Orchid
316,1,Rana pretiosa,Oregon spotted frog
317,1,Crocodylus intermedius,Orinoco crocodile
318,2,Orthosia ellemannii,Orthosia
319,2,Amblyopsis rosae,Ozark cavefish
320,1,Egretta sacra,Pacific reef-egret
321,1,Palaquium thwaitesii,Palaquium
322,1,Bradypus tridactylus,Pale-throated three-toed sloth
323,1,Haliaeetus leucoryphus,Pallas’s fish-eagle
324,1,Pseudalopex gymnocercus,Pampas fox
326,1,Cercomacra parkeri,Parkers antbird
327,2,Partula thalia,Partula snail
328,2,Passiflora anfracta,Passion flower
329,2,Pavetta axillipara,Pavetta
330,1,Limnonectes malesianus,Peat swamp frog
331,2,Peperomia clivigaudens,Peperomia
332,1,Gegeneophis carnosus,Periah peak caecilian
333,1,Progne murphyi,Peruvian martin
334,1,Phalaenopsis pulcherrima,Phalaenopsis
335,1,Cacatua haematuropygia,Philippine cockatoo
336,1,Pholidocarpus macrocarpus,Pholidocarpus
337,2,Picrasma excelsa,Picrasma
338,1,Dendrogyra cylindrus,Pillar coral
339,1,Rhodonessa caryophyllacea,Pink-headed duck
340,2,Piper cutucuense,Piper
341,2,Piptostigma giganteum,Piptostigma
342,2,Nepenthes distillatoria,Pitcher plant
343,1,Telmatobius ignavus,Piura water frog
344,1,Platyla foliniana,Platyla
345,1,Dysithamnus plumbeus,Plumbeous antvireo
346,1,Clinotarsus alticola,Point-nosed frog
347,1,Polylepis crista-galli,Polylepis
348,1,Platymantis akarithyma,Pomugu wrinkled ground frog
349,2,Pouteria benai,Pouteria
350,1,Pouteria hotteana,Pouteria
351,1,Prestonia parvifolia,Prestonia
352,1,Prismatomeris andamanica,Prismatomeris
353,1,Pristimantis truebae,Pristimantis
354,2,Pritchardia forbesiana,Pritchardia
355,2,Pseudoacontias menamainty,Pseudoacontias
356,1,Pseudophilautus stellatus,Pseudophilautus
357,2,Psychotria clusioides,Psychotria
358,1,Ptychadena newtoni,Ptychadena
359,1,Tribulus omanense,Puncture vine
360,1,Tor putitora,Putitor mahseer
361,1,Galemys pyrenaicus,Pyrenean desman
362,1,Quercus galeanensis,Quercus
363,2,Rafflesia keithii,Rafflesia
364,1,Cypripedium arietinum,Rams-head ladys-slipper
365,2,Ravenea hildebrandtii,Ravenea
366,1,Cervus elaphus,Red deer
367,1,Cercopithecus erythrogaster,Red-bellied guenon
368,1,Scaturiginichthys vermeilipinnis,Red-finned blue-eye
369,1,Calidris ruficollis,Red-necked stint
370,2,Acosmetia caliginosa,Reddish buff moth
371,2,Cladonia mediterranea,Reindeer lichen
372,2,Rhamnus integrifolia,Rhamnus
373,1,Lemur catta,Ring-tailed lemur
374,1,Gastrotheca riobambae,Riobamba marsupial frog
375,1,Eleutherodactylus armstrongi,Robber frog
376,1,Codringtonia codringtonii,Rock snail
377,1,Rondeletia amplexicaulis,Rondeletia
378,1,Zosterops rotensis,Rota white-eye
379,1,Rubus azuayensis,Rubus
380,1,Dendrocitta vagabunda,Rufous treepie
381,2,Nectarinia rufipennis,Rufous-winged sunbird
383,1,Sadleriana cavernosa,Sadleriana
384,1,Stegastes sanctipauli,Saint Pauls gregory
385,1,Ischnura gemina,San Francisco forktail
386,2,Sandoricum vidalii,Sandoricum
387,1,Nymphargus megacheirus,Santa Rosa cochran frog
388,2,Sarcosoma globosum,Sarcosoma spp.
389,1,Crocidura fulvastra,Savanna shrew
390,2,Scaphopetalum parvifolium,Scaphopetalum
391,2,Psammophis schokari,Schokari sand racer
392,1,Oligosoma waimatense,Scree skink
393,2,Suaeda aegyptiaca,Seablite
394,1,Ficedula semitorquata,Semi-collared flycatcher
395,1,Leptailurus serval,Serval
396,1,Pleurodeles waltl,Sharp-ribbed salamander
397,2,Shorea astylosa,Shorea
398,1,Shorea pallescens,Shorea
399,1,Varanus brevicauda,Short-tailed pygmy monitor
400,1,Crocodylus siamensis,Siamese crocodile
401,2,Sideroxylon peninsulare,Sideroxylon
402,1,Carollia brevicauda,Silky short-tailed bat
404,1,Tanyemblemaria alleni,Slender blenny
405,2,Paphiopedilum barbatum,Slipper orchid
406,2,Orthetrum taeniolatum,Small skimmer
407,1,Euphilotes enoptes smithi,Smiths blue butterfly
408,1,Pagodroma nivea,Snow petrel
409,2,Solanum sibundoyense,Solanum
410,1,Kinosternon sonoriense,Sonoran mud turtle
411,1,Sterna hirundinacea,South American tern
412,1,Telmatobius sibiricus,Southern frog
413,1,Eudyptes chrysocome,Southern rockhopper penguin
414,1,Tillandsia usneoides,Spanish moss
415,1,Aipysurus eydouxii,Spine-tailed sea snake
416,1,Paa fasciculispina,Spiny-breasted giant frog
417,1,Triakis maculata,Spotted houndshark
418,2,Vanellus spinosus,Spur-winged lapwing
419,1,Columba torringtoniae,Sri Lanka wood pigeon
420,1,Acropora jacquelineae,Staghorn coral
421,1,Acropora acuminata,Staghorn coral
422,1,Astrophytum asterias,Star cactus
423,1,Pseudophilautus steineri,Steiners shrub frog
424,2,Steriphoma urbani,Steriphoma
425,2,Stoliczia perlensis,Stoliczia
426,1,Euphyllia cristata,Stony coral
427,1,Shargacucullia lychnitis,Striped lychnis moth
428,2,Stylocoeniella cocosensis,Stylocoeniella coral
429,1,Penelopides exarhatus,Sulawesi hornbill
430,1,Meriones crassus,Sundevall’s jird
431,2,Actinostrobus pyramidalis,Swamp cypress
432,1,Swynnertonia swynnertoni,Swynnertons forest robin
433,2,Tabebuia oligolepis,Tabebuia
434,2,Calocedrus formosana,Taiwan incense-cedar
435,2,Tambourissa ficus,Tambourissa
436,1,Sarcophilus harrisii,Tasmanian devil
437,2,Tragopan temminckii,Temminck’s tragopan
438,2,Ternstroemia landae,Ternstroemia
439,1,Thelypteris bonapartii,Thelypteris
440,1,Chitala chitala,Thousand dollar knife fish
441,1,Liptena tiassale,Tiassale liptena
442,2,Tilapia bythobathes,Tilapia
443,1,Apteryx australis,Tokoeka
444,1,Torreya jackii,Torreya
446,2,Trigonella stellata,Trigonella
447,1,Tropheops gracilior,Tropheops
448,1,Tsingymantis antitra,Tsingymantis
449,2,Turbinicarpus lophophoroides,Turbinicarpus
450,2,Turraea socotrana,Turraea
451,2,Uncinia subsacculata,Uncinia
452,1,Bubo vosseleri,Usambara eagle-owl
453,1,Eurycea troglodytes,Valdina farms salamander
454,2,Vatica chinensis,Vatica
455,1,Vatica badiifolia,Vatica
457,1,Vincentella densiflora,Vincentella
458,2,Vismia jefensis,Vismia
460,2,Warburgia elongata,Warburgia
461,2,Nepa cinerea,Water scorpion
462,1,Aquila audax,Wedge-tailed eagle
463,1,Hoolock hoolock,Western hoolock gibbon
464,1,Wettinia verruculosa,Wettinia
465,2,Khaya anthotheca,White mahogany
466,1,Geocrinia alba,White-bellied frog
467,1,Anas bahamensis,White-cheeked pintail
468,1,Trachypithecus poliocephalus,White-headed langur
469,1,Irania gutturalis,White-throated robin
470,1,Triaenodon obesus,Whitetip reef shark
471,1,Melicope ovalis,Wild pelea
472,1,Eusphyra blochii,Winghead shark
473,2,Napaeozapus insignis,Woodland jumping mouse
474,2,Coscinaraea crassa,Wrinkle coral
475,1,Gila purpurea,Yaqui chub
476,2,Coturnicops noveboracensis,Yellow rail
477,1,Icteria virens,Yellow-breasted chat
478,1,Amazona auropalliata,Yellow-naped Amazon
479,1,Mycteroperca interstitialis,Yellowmouth grouper
480,1,Zanthoxylum procerum,Zanthoxylum
481,2,Bedotia tricolor,Zono
